ticker,dateTime,open,high,low,close,volume
IE00BQQP9H09,31/07/2017,23.555,23.555,23.555,23.555,0
IE00BQQP9H09,01/08/2017,23.54,23.54,23.54,23.54,0
IE00BQQP9H09,02/08/2017,23.32,23.32,23.32,23.32,0
IE00BQQP9H09,03/08/2017,23.27,23.27,23.27,23.27,0
IE00BQQP9H09,04/08/2017,23.39,23.39,23.39,23.39,0
IE00BQQP9H09,07/08/2017,23.3,23.3,23.3,23.3,0
IE00BQQP9H09,08/08/2017,23.45,23.45,23.435,23.45,2326
IE00BQQP9H09,09/08/2017,23.16,23.16,23.16,23.16,0
IE00BQQP9H09,10/08/2017,22.935,22.935,22.935,22.935,0
IE00BQQP9H09,11/08/2017,22.815,22.815,22.815,22.815,0
IE00BQQP9H09,14/08/2017,22.96,23.065,22.96,22.96,45
IE00BQQP9H09,16/08/2017,23.245,23.245,23.245,23.245,0
IE00BQQP9H09,17/08/2017,23.075,23.075,23.075,23.075,0
IE00BQQP9H09,18/08/2017,22.825,22.825,22.825,22.825,0
IE00BQQP9H09,21/08/2017,22.665,22.665,22.665,22.665,0
IE00BQQP9H09,22/08/2017,22.945,22.945,22.945,22.945,0
IE00BQQP9H09,23/08/2017,22.795,22.795,22.795,22.795,0
IE00BQQP9H09,24/08/2017,22.82,22.82,22.82,22.82,0
IE00BQQP9H09,25/08/2017,22.79,22.79,22.755,22.79,100
IE00BQQP9H09,28/08/2017,22.625,22.625,22.625,22.625,0
IE00BQQP9H09,29/08/2017,22.485,22.485,22.485,22.485,0
IE00BQQP9H09,30/08/2017,22.88,22.88,22.88,22.88,0
IE00BQQP9H09,31/08/2017,23.07,23.115,23.07,23.07,200
IE00BQQP9H09,01/09/2017,23.265,23.265,23.265,23.265,0
IE00BQQP9H09,04/09/2017,23.09,23.09,23.09,23.09,42
IE00BQQP9H09,05/09/2017,23.025,23.025,23.025,23.025,0
IE00BQQP9H09,06/09/2017,22.965,22.965,22.965,22.965,0
IE00BQQP9H09,07/09/2017,22.945,22.945,22.945,22.945,0
IE00BQQP9H09,08/09/2017,23.04,23.04,23.04,23.04,0
IE00BQQP9H09,11/09/2017,23.265,23.265,23.265,23.265,0
IE00BQQP9H09,12/09/2017,23.35,23.35,23.35,23.35,0
IE00BQQP9H09,13/09/2017,23.555,23.555,23.555,23.555,0
IE00BQQP9H09,14/09/2017,23.555,23.555,23.555,23.555,0
IE00BQQP9H09,15/09/2017,23.38,23.425,23.375,23.425,2062
IE00BQQP9H09,18/09/2017,23.5,23.5,23.48,23.5,850
IE00BQQP9H09,19/09/2017,23.34,23.34,23.34,23.34,0
IE00BQQP9H09,20/09/2017,23.29,23.29,23.29,23.29,0
IE00BQQP9H09,21/09/2017,23.41,23.41,23.41,23.41,0
IE00BQQP9H09,22/09/2017,23.26,23.26,23.26,23.26,0
IE00BQQP9H09,25/09/2017,23.535,23.535,23.535,23.535,0
IE00BQQP9H09,26/09/2017,23.76,23.76,23.76,23.76,0
IE00BQQP9H09,27/09/2017,23.82,23.82,23.8,23.82,850
IE00BQQP9H09,28/09/2017,23.72,23.72,23.72,23.72,0
IE00BQQP9H09,29/09/2017,23.72,23.72,23.72,23.72,0
IE00BQQP9H09,02/10/2017,24.065,24.065,24.065,24.065,0
IE00BQQP9H09,03/10/2017,24.06,24.06,24.06,24.06,0
IE00BQQP9H09,04/10/2017,24.18,24.18,24.18,24.18,0
IE00BQQP9H09,05/10/2017,24.165,24.28,24.115,24.15,9141
IE00BQQP9H09,06/10/2017,24.27,24.27,24.27,24.27,0
IE00BQQP9H09,09/10/2017,24.03,24.03,24.03,24.03,0
IE00BQQP9H09,10/10/2017,23.935,23.935,23.935,23.935,0
IE00BQQP9H09,11/10/2017,23.835,23.835,23.805,23.835,50
IE00BQQP9H09,12/10/2017,23.9,23.9,23.9,23.9,0
IE00BQQP9H09,13/10/2017,23.9,23.9,23.9,23.9,0
IE00BQQP9H09,16/10/2017,24.31,24.31,23.92,24.31,50
IE00BQQP9H09,17/10/2017,24.01,24.01,24.01,24.01,0
IE00BQQP9H09,18/10/2017,24.015,24.015,24.015,24.015,0
IE00BQQP9H09,19/10/2017,23.86,23.86,23.86,23.86,0
IE00BQQP9H09,20/10/2017,24.1,24.155,24.1,24.1,42
IE00BQQP9H09,23/10/2017,24.285,24.285,24.285,24.285,0
IE00BQQP9H09,24/10/2017,24.265,24.265,24.265,24.265,0
IE00BQQP9H09,25/10/2017,24.005,24.005,24.005,24.005,300
IE00BQQP9H09,26/10/2017,24.46,24.46,24.46,24.46,0
IE00BQQP9H09,27/10/2017,24.44,24.44,24.395,24.44,3524
IE00BQQP9H09,30/10/2017,24.34,24.34,24.155,24.34,411
IE00BQQP9H09,31/10/2017,24.17,24.17,24.17,24.17,0
IE00BQQP9H09,01/11/2017,24.27,24.535,24.27,24.535,5575
IE00BQQP9H09,02/11/2017,24.31,24.48,24.15,24.155,1094
IE00BQQP9H09,03/11/2017,24.09,24.215,24.09,24.215,36
IE00BQQP9H09,06/11/2017,24.185,24.245,24.185,24.22,829
IE00BQQP9H09,07/11/2017,24.3,24.31,24.29,24.29,381
IE00BQQP9H09,08/11/2017,24.2,24.265,24.2,24.2,100
IE00BQQP9H09,09/11/2017,24.105,24.175,24.105,24.175,10256
IE00BQQP9H09,10/11/2017,24.105,24.105,24.07,24.08,460
IE00BQQP9H09,13/11/2017,24.135,24.135,24.06,24.06,336
IE00BQQP9H09,14/11/2017,23.97,23.97,23.79,23.795,441
IE00BQQP9H09,15/11/2017,23.68,23.75,23.6,23.62,238
IE00BQQP9H09,16/11/2017,23.845,23.975,23.845,23.845,830
IE00BQQP9H09,17/11/2017,23.965,24.005,23.965,24.005,1387
IE00BQQP9H09,20/11/2017,24.03,24.03,23.995,24.03,210
IE00BQQP9H09,21/11/2017,24.03,24.17,24.03,24.03,210
IE00BQQP9H09,22/11/2017,24.13,24.155,24.13,24.13,250
IE00BQQP9H09,23/11/2017,24.04,24.04,24.035,24.04,100
IE00BQQP9H09,24/11/2017,23.87,23.87,23.87,23.87,0
IE00BQQP9H09,27/11/2017,23.925,23.925,23.875,23.875,3085
IE00BQQP9H09,28/11/2017,24.15,24.15,24.15,24.15,0
IE00BQQP9H09,29/11/2017,24.585,24.585,24.585,24.585,0
IE00BQQP9H09,30/11/2017,24.615,24.66,24.525,24.565,7071
IE00BQQP9H09,01/12/2017,24.67,24.67,24.175,24.67,50
IE00BQQP9H09,04/12/2017,24.855,24.855,24.855,24.855,0
IE00BQQP9H09,05/12/2017,24.735,24.75,24.73,24.73,650
IE00BQQP9H09,06/12/2017,24.745,24.745,24.71,24.745,401
IE00BQQP9H09,07/12/2017,24.72,24.805,24.685,24.78,885
IE00BQQP9H09,08/12/2017,25.075,25.075,25.05,25.075,40
IE00BQQP9H09,11/12/2017,25.44,25.44,25.015,25.08,532
IE00BQQP9H09,12/12/2017,25.135,25.26,25.135,25.2,190
IE00BQQP9H09,13/12/2017,25.285,25.285,25.24,25.285,40
IE00BQQP9H09,14/12/2017,25.1,25.225,25.1,25.19,44
IE00BQQP9H09,15/12/2017,25.145,25.415,25.105,25.115,354
IE00BQQP9H09,18/12/2017,25.56,25.56,25.435,25.53,209
IE00BQQP9H09,19/12/2017,25.45,25.48,25.4,25.4,940
IE00BQQP9H09,20/12/2017,25.425,25.425,25.26,25.425,140
IE00BQQP9H09,21/12/2017,25.305,25.305,25.24,25.305,40
IE00BQQP9H09,22/12/2017,25.27,25.27,25.205,25.245,249
IE00BQQP9H09,27/12/2017,25.185,25.215,25.175,25.2,3095
IE00BQQP9H09,28/12/2017,25.08,25.08,24.995,25.08,2
IE00BQQP9H09,29/12/2017,25.045,25.045,24.94,25.045,15
IE00BQQP9H09,02/01/2018,24.975,24.975,24.975,24.975,0
IE00BQQP9H09,03/01/2018,25.185,25.185,25.165,25.185,4000
IE00BQQP9H09,04/01/2018,25.11,25.11,25.11,25.11,0
IE00BQQP9H09,05/01/2018,25.305,25.375,25.305,25.36,338
IE00BQQP9H09,08/01/2018,25.63,25.63,25.53,25.53,2076
IE00BQQP9H09,09/01/2018,26.1,26.1,25.76,25.76,24
IE00BQQP9H09,10/01/2018,25.61,25.705,25.585,25.585,595
IE00BQQP9H09,11/01/2018,25.86,25.86,25.64,25.64,485
IE00BQQP9H09,12/01/2018,25.735,25.92,25.64,25.65,211
IE00BQQP9H09,15/01/2018,25.61,25.61,25.6,25.6,140
IE00BQQP9H09,16/01/2018,25.75,25.815,25.68,25.815,2053
IE00BQQP9H09,17/01/2018,25.71,25.71,25.59,25.61,517
IE00BQQP9H09,18/01/2018,25.55,25.55,25.55,25.55,0
IE00BQQP9H09,19/01/2018,25.575,25.675,25.575,25.585,270
IE00BQQP9H09,22/01/2018,25.7,25.8,25.7,25.8,607
IE00BQQP9H09,23/01/2018,25.86,25.92,25.86,25.86,3
IE00BQQP9H09,24/01/2018,25.88,25.88,25.79,25.88,394
IE00BQQP9H09,25/01/2018,25.8,25.8,25.55,25.68,1262
IE00BQQP9H09,26/01/2018,25.74,25.82,25.74,25.775,3292
IE00BQQP9H09,29/01/2018,25.995,26.195,25.995,25.995,500
IE00BQQP9H09,30/01/2018,25.995,25.995,25.7,25.7,1015
IE00BQQP9H09,31/01/2018,25.495,25.495,25.495,25.495,0
IE00BQQP9H09,01/02/2018,25.5,25.5,25.23,25.44,142
IE00BQQP9H09,02/02/2018,25.12,25.175,25.04,25.04,503
IE00BQQP9H09,05/02/2018,24.725,24.84,24.625,24.625,4600
IE00BQQP9H09,06/02/2018,23.72,23.965,23.72,23.965,27
IE00BQQP9H09,07/02/2018,24.2,24.765,24.2,24.34,250
IE00BQQP9H09,08/02/2018,24.495,24.495,24.37,24.38,867
IE00BQQP9H09,09/02/2018,24.39,24.39,23.705,23.765,951
IE00BQQP9H09,12/02/2018,24.225,24.225,24.155,24.225,720
IE00BQQP9H09,13/02/2018,24.08,24.08,23.93,24.08,4500
IE00BQQP9H09,14/02/2018,24.31,24.31,24.31,24.31,83
IE00BQQP9H09,15/02/2018,24.31,24.39,24.25,24.39,465
IE00BQQP9H09,16/02/2018,24.45,24.45,24.42,24.42,170
IE00BQQP9H09,19/02/2018,24.52,24.52,24.52,24.52,0
IE00BQQP9H09,20/02/2018,24.72,24.72,24.72,24.72,0
IE00BQQP9H09,21/02/2018,24.51,24.75,24.51,24.51,68
IE00BQQP9H09,22/02/2018,24.52,24.52,24.52,24.52,0
IE00BQQP9H09,23/02/2018,24.44,24.5,24.44,24.44,500
IE00BQQP9H09,26/02/2018,24.825,24.825,24.825,24.825,0
IE00BQQP9H09,27/02/2018,24.985,25.195,24.985,25.14,614
IE00BQQP9H09,28/02/2018,25.14,25.14,24.935,25.08,555
IE00BQQP9H09,01/03/2018,24.66,24.95,24.535,24.695,4648
IE00BQQP9H09,02/03/2018,24,24.045,24,24,40
IE00BQQP9H09,05/03/2018,24.185,24.355,24.185,24.185,40
IE00BQQP9H09,06/03/2018,24.45,24.45,24.245,24.45,40
IE00BQQP9H09,07/03/2018,24.205,24.37,24.205,24.265,163
IE00BQQP9H09,08/03/2018,24.7,24.7,24.7,24.7,0
IE00BQQP9H09,09/03/2018,24.725,24.75,24.725,24.75,81
IE00BQQP9H09,12/03/2018,25.11,25.11,25.055,25.11,40
IE00BQQP9H09,13/03/2018,25.025,25.025,24.805,24.9,5388
IE00BQQP9H09,14/03/2018,24.84,25,24.705,24.705,1406
IE00BQQP9H09,15/03/2018,24.735,24.755,24.73,24.73,118
IE00BQQP9H09,16/03/2018,24.84,24.84,24.84,24.84,0
IE00BQQP9H09,19/03/2018,24.64,24.64,24.32,24.325,4065
IE00BQQP9H09,20/03/2018,24.36,24.36,24.36,24.36,0
IE00BQQP9H09,21/03/2018,24.37,24.37,24.37,24.37,0
IE00BQQP9H09,22/03/2018,23.97,23.97,23.97,23.97,0
IE00BQQP9H09,23/03/2018,23.465,23.5,23.465,23.465,72
IE00BQQP9H09,26/03/2018,23.02,23.02,23.02,23.02,0
IE00BQQP9H09,27/03/2018,23.495,23.51,23.495,23.495,40
IE00BQQP9H09,28/03/2018,23.105,23.29,23.105,23.105,62
IE00BQQP9H09,29/03/2018,23.585,23.585,23.585,23.585,0
IE00BQQP9H09,03/04/2018,23.13,23.29,23.13,23.13,74
IE00BQQP9H09,04/04/2018,23.13,23.405,23.06,23.06,3292
IE00BQQP9H09,05/04/2018,24.02,24.02,24.02,24.02,0
IE00BQQP9H09,06/04/2018,23.825,23.825,23.65,23.825,400
IE00BQQP9H09,09/04/2018,23.605,23.605,23.555,23.605,196
IE00BQQP9H09,10/04/2018,23.61,23.665,23.61,23.61,180
IE00BQQP9H09,11/04/2018,23.415,23.58,23.415,23.415,6
IE00BQQP9H09,12/04/2018,23.825,23.825,23.825,23.825,0
IE00BQQP9H09,13/04/2018,23.675,23.675,23.675,23.675,0
IE00BQQP9H09,16/04/2018,23.75,23.75,23.685,23.75,35
IE00BQQP9H09,17/04/2018,24.13,24.13,23.8,24.065,1705
IE00BQQP9H09,18/04/2018,23.965,24.095,23.965,24.055,140
IE00BQQP9H09,19/04/2018,24.03,24.03,23.905,23.905,200
IE00BQQP9H09,20/04/2018,24.12,24.12,23.92,24.12,42
IE00BQQP9H09,23/04/2018,24.205,24.205,24.205,24.205,0
IE00BQQP9H09,24/04/2018,24.205,24.205,24.175,24.205,175
IE00BQQP9H09,25/04/2018,24.555,24.555,24.04,24.555,1
IE00BQQP9H09,26/04/2018,24.18,24.41,24.18,24.41,300
IE00BQQP9H09,27/04/2018,24.585,24.585,24.585,24.585,0
IE00BQQP9H09,30/04/2018,24.665,24.7,24.665,24.665,40
IE00BQQP9H09,02/05/2018,24.555,24.585,24.555,24.555,70
IE00BQQP9H09,03/05/2018,24.225,24.235,23.915,24.095,3575
IE00BQQP9H09,04/05/2018,24.395,24.395,24.395,24.395,0
IE00BQQP9H09,07/05/2018,24.47,24.545,24.47,24.47,940
IE00BQQP9H09,08/05/2018,24.66,24.66,24.655,24.66,63
IE00BQQP9H09,09/05/2018,24.625,24.625,24.625,24.625,0
IE00BQQP9H09,10/05/2018,24.785,24.89,24.785,24.83,480
IE00BQQP9H09,11/05/2018,24.755,24.87,24.755,24.755,15
IE00BQQP9H09,14/05/2018,24.91,25,24.91,24.91,150
IE00BQQP9H09,15/05/2018,25,25.07,25,25.07,391
IE00BQQP9H09,16/05/2018,25.16,25.285,25.16,25.16,6
IE00BQQP9H09,17/05/2018,25.285,25.405,25.285,25.285,30
IE00BQQP9H09,18/05/2018,25.245,25.32,25.245,25.245,4
IE00BQQP9H09,21/05/2018,25.51,25.535,25.415,25.535,126
IE00BQQP9H09,22/05/2018,25.355,25.45,25.275,25.405,227
IE00BQQP9H09,23/05/2018,25.54,25.54,25.54,25.54,0
IE00BQQP9H09,24/05/2018,25.45,25.45,25.45,25.45,0
IE00BQQP9H09,25/05/2018,25.63,25.74,25.555,25.555,2610
IE00BQQP9H09,28/05/2018,25.7,25.83,25.7,25.755,50
IE00BQQP9H09,29/05/2018,25.745,25.745,25.745,25.745,0
IE00BQQP9H09,30/05/2018,25.805,25.805,25.76,25.805,21
IE00BQQP9H09,31/05/2018,25.7,25.7,25.625,25.7,50
IE00BQQP9H09,01/06/2018,25.65,25.74,25.65,25.65,65
IE00BQQP9H09,04/06/2018,25.825,25.825,25.825,25.825,0
IE00BQQP9H09,05/06/2018,25.795,25.86,25.795,25.795,20
IE00BQQP9H09,06/06/2018,25.985,25.985,25.825,25.985,55
IE00BQQP9H09,07/06/2018,25.915,25.915,25.88,25.915,20
IE00BQQP9H09,08/06/2018,25.895,26.015,25.895,25.895,200
IE00BQQP9H09,11/06/2018,26.115,26.115,26.115,26.115,0
IE00BQQP9H09,12/06/2018,26.16,26.195,26.16,26.16,191
IE00BQQP9H09,13/06/2018,26.33,26.465,26.33,26.33,19
IE00BQQP9H09,14/06/2018,26.2,26.91,26.2,26.91,1100
IE00BQQP9H09,15/06/2018,26.805,26.815,26.705,26.705,2147
IE00BQQP9H09,18/06/2018,26.605,26.605,26.605,26.605,0
IE00BQQP9H09,19/06/2018,26.595,26.595,26.595,26.595,0
IE00BQQP9H09,20/06/2018,26.84,26.84,26.76,26.84,70
IE00BQQP9H09,21/06/2018,26.765,26.765,26.685,26.765,125
IE00BQQP9H09,22/06/2018,26.72,26.72,26.72,26.72,0
IE00BQQP9H09,25/06/2018,26.4,26.4,26.4,26.4,0
IE00BQQP9H09,26/06/2018,26.495,26.495,26.495,26.495,0
IE00BQQP9H09,27/06/2018,26.41,26.705,26.41,26.41,1890
IE00BQQP9H09,28/06/2018,26.285,26.285,26.285,26.285,0
IE00BQQP9H09,29/06/2018,26.45,26.45,26.355,26.45,10
IE00BQQP9H09,02/07/2018,26.14,26.26,26.125,26.125,98
IE00BQQP9H09,03/07/2018,26.35,26.35,26.35,26.35,0
IE00BQQP9H09,04/07/2018,25.855,26.315,25.855,26.275,111
IE00BQQP9H09,05/07/2018,26.205,26.205,26.205,26.205,0
IE00BQQP9H09,06/07/2018,26.585,26.585,26.585,26.585,0
IE00BQQP9H09,09/07/2018,26.72,26.72,26.72,26.72,0
IE00BQQP9H09,10/07/2018,26.8,26.8,26.8,26.8,0
IE00BQQP9H09,11/07/2018,26.675,26.775,26.675,26.675,191
IE00BQQP9H09,12/07/2018,26.84,26.84,26.84,26.84,0
IE00BQQP9H09,13/07/2018,27.015,27.015,27.015,27.015,0
IE00BQQP9H09,16/07/2018,27,27,26.84,27,52
IE00BQQP9H09,17/07/2018,27.16,27.16,26.725,26.995,5094
IE00BQQP9H09,18/07/2018,27.185,27.185,27.005,27.035,2668
IE00BQQP9H09,19/07/2018,26.95,27.085,26.95,26.95,100
IE00BQQP9H09,20/07/2018,26.945,26.945,26.675,26.675,75
IE00BQQP9H09,23/07/2018,26.69,26.73,26.69,26.69,30
IE00BQQP9H09,24/07/2018,26.865,26.865,26.865,26.865,0
IE00BQQP9H09,25/07/2018,26.825,26.94,26.825,26.825,77
IE00BQQP9H09,26/07/2018,27.22,27.3,27.22,27.22,79
IE00BQQP9H09,27/07/2018,27.3,27.3,27.24,27.3,109
IE00BQQP9H09,30/07/2018,27.115,27.115,27.02,27.02,1017
IE00BQQP9H09,31/07/2018,27.09,27.225,27.09,27.14,195
IE00BQQP9H09,01/08/2018,27.2,27.205,27.2,27.2,75
IE00BQQP9H09,02/08/2018,27.06,27.235,27.06,27.2,39
IE00BQQP9H09,03/08/2018,27.5,27.535,27.5,27.5,990
IE00BQQP9H09,06/08/2018,27.71,27.71,27.69,27.71,200
IE00BQQP9H09,07/08/2018,27.59,27.685,27.59,27.685,561
IE00BQQP9H09,08/08/2018,27.8,27.8,27.54,27.8,37
IE00BQQP9H09,09/08/2018,27.655,27.655,27.655,27.655,0
IE00BQQP9H09,10/08/2018,27.85,27.85,27.755,27.755,1100
IE00BQQP9H09,13/08/2018,27.78,27.78,27.78,27.78,0
IE00BQQP9H09,14/08/2018,28.075,28.075,28.075,28.075,0
IE00BQQP9H09,16/08/2018,28.16,28.165,28.16,28.16,51
IE00BQQP9H09,17/08/2018,28.2,28.2,28.145,28.145,55
IE00BQQP9H09,20/08/2018,28.36,28.36,28.26,28.345,300
IE00BQQP9H09,21/08/2018,28.16,28.215,28.11,28.215,2675
IE00BQQP9H09,22/08/2018,27.835,27.955,27.79,27.955,188
IE00BQQP9H09,23/08/2018,27.96,27.96,27.805,27.96,358
IE00BQQP9H09,24/08/2018,27.78,27.79,27.695,27.79,1789
IE00BQQP9H09,27/08/2018,27.785,27.785,27.73,27.73,566
IE00BQQP9H09,28/08/2018,27.78,27.78,27.655,27.76,225
IE00BQQP9H09,29/08/2018,27.765,27.77,27.74,27.74,4100
IE00BQQP9H09,30/08/2018,27.81,27.81,27.81,27.81,0
IE00BQQP9H09,31/08/2018,27.715,27.855,27.715,27.715,360
IE00BQQP9H09,03/09/2018,27.99,27.99,27.905,27.99,300
IE00BQQP9H09,04/09/2018,28.1,28.1,27.91,28.1,69
IE00BQQP9H09,05/09/2018,27.725,27.725,27.675,27.675,272
IE00BQQP9H09,06/09/2018,27.8,27.8,27.715,27.79,415
IE00BQQP9H09,07/09/2018,27.885,27.885,27.885,27.885,0
IE00BQQP9H09,10/09/2018,28.05,28.05,27.95,28.05,498
IE00BQQP9H09,11/09/2018,28,28,27.85,27.855,282
IE00BQQP9H09,12/09/2018,27.87,27.875,27.87,27.87,42
IE00BQQP9H09,13/09/2018,28.045,28.12,27.9,28.12,58
IE00BQQP9H09,14/09/2018,28.12,28.12,28.115,28.12,1500
IE00BQQP9H09,17/09/2018,28.12,28.12,28,28.11,739
IE00BQQP9H09,18/09/2018,28.11,28.11,28.025,28.11,50
IE00BQQP9H09,19/09/2018,28.145,28.145,28.145,28.145,0
IE00BQQP9H09,20/09/2018,28.13,28.13,28.13,28.13,72
IE00BQQP9H09,21/09/2018,28.2,28.27,28.2,28.2,200
IE00BQQP9H09,24/09/2018,28.2,28.2,27.895,28.2,180
IE00BQQP9H09,25/09/2018,27.91,27.91,27.835,27.85,265
IE00BQQP9H09,26/09/2018,27.77,27.965,27.77,27.77,114
IE00BQQP9H09,27/09/2018,27.96,28.155,27.96,27.96,18
IE00BQQP9H09,28/09/2018,28.15,28.21,28.15,28.15,175
IE00BQQP9H09,01/10/2018,28.375,28.38,28.3,28.3,59
IE00BQQP9H09,02/10/2018,29,29,28.335,28.345,558
IE00BQQP9H09,03/10/2018,28.415,28.535,28.415,28.535,1425
IE00BQQP9H09,04/10/2018,28.54,28.6,28.275,28.37,364
IE00BQQP9H09,05/10/2018,28.315,28.315,28.24,28.31,640
IE00BQQP9H09,08/10/2018,28.4,28.4,28.18,28.3,1226
IE00BQQP9H09,09/10/2018,28.68,28.68,28.35,28.365,594
IE00BQQP9H09,10/10/2018,29.04,29.04,28.055,28.325,348
IE00BQQP9H09,11/10/2018,27.285,27.285,27.22,27.22,260
IE00BQQP9H09,12/10/2018,27.575,27.575,27.2,27.24,675
IE00BQQP9H09,15/10/2018,27.09,27.31,27.025,27.155,1194
IE00BQQP9H09,16/10/2018,27.335,27.55,27.335,27.335,74
IE00BQQP9H09,17/10/2018,27.785,27.81,27.785,27.785,3600
IE00BQQP9H09,18/10/2018,28.015,28.015,27.915,28.01,490
IE00BQQP9H09,19/10/2018,27.94,27.97,27.94,27.94,350
IE00BQQP9H09,22/10/2018,28,28,27.76,27.815,600
IE00BQQP9H09,23/10/2018,27.75,27.75,27.195,27.195,122
IE00BQQP9H09,24/10/2018,27.735,27.735,27.34,27.34,259
IE00BQQP9H09,25/10/2018,27.185,27.185,27.185,27.185,0
IE00BQQP9H09,26/10/2018,26.91,26.91,26.51,26.51,1560
IE00BQQP9H09,29/10/2018,26.865,26.865,26.865,26.865,0
IE00BQQP9H09,30/10/2018,26.955,26.955,26.955,26.955,0
IE00BQQP9H09,31/10/2018,27.305,27.58,27.225,27.45,620
IE00BQQP9H09,01/11/2018,27.5,27.5,27.155,27.155,467
IE00BQQP9H09,02/11/2018,27.28,27.34,27.28,27.28,38
IE00BQQP9H09,05/11/2018,27.49,27.49,27.49,27.49,0
IE00BQQP9H09,06/11/2018,27.31,27.51,27.31,27.49,620
IE00BQQP9H09,07/11/2018,27.78,27.78,27.78,27.78,0
IE00BQQP9H09,08/11/2018,28.04,28.235,28.04,28.15,3287
IE00BQQP9H09,09/11/2018,28.385,28.385,28.3,28.325,887
IE00BQQP9H09,12/11/2018,28.54,28.54,28.3,28.415,609
IE00BQQP9H09,13/11/2018,28.425,28.425,28.3,28.3,4767
IE00BQQP9H09,14/11/2018,28.3,28.3,28.03,28.3,130
IE00BQQP9H09,15/11/2018,28.465,28.465,27.635,27.79,4457
IE00BQQP9H09,16/11/2018,27.95,27.95,27.95,27.95,0
IE00BQQP9H09,19/11/2018,27.94,27.94,27.67,27.85,2010
IE00BQQP9H09,20/11/2018,27.445,27.63,27.43,27.63,393
IE00BQQP9H09,21/11/2018,27.3,27.38,27.3,27.3,50
IE00BQQP9H09,22/11/2018,27.3,27.3,27.06,27.18,1167
IE00BQQP9H09,23/11/2018,27.285,27.525,27.285,27.285,800
IE00BQQP9H09,26/11/2018,27.625,27.675,27.585,27.675,1160
IE00BQQP9H09,27/11/2018,27.685,27.785,27.685,27.685,500
IE00BQQP9H09,28/11/2018,27.945,28.21,27.945,28.03,238
IE00BQQP9H09,29/11/2018,28.145,28.145,28.145,28.145,0
IE00BQQP9H09,30/11/2018,28.355,28.355,28.195,28.195,190
IE00BQQP9H09,03/12/2018,28.94,29.14,28.46,28.575,198
IE00BQQP9H09,04/12/2018,28.385,28.485,28.385,28.44,563
IE00BQQP9H09,05/12/2018,28.035,28.035,27.935,28.015,622
IE00BQQP9H09,06/12/2018,27.65,27.65,27.045,27.05,2653
IE00BQQP9H09,07/12/2018,27.645,27.645,27.37,27.44,200
IE00BQQP9H09,10/12/2018,27.44,27.44,26.75,26.75,360
IE00BQQP9H09,11/12/2018,27.725,27.76,27.525,27.76,413
IE00BQQP9H09,12/12/2018,27.67,27.67,27.67,27.67,0
IE00BQQP9H09,13/12/2018,27.495,27.495,27.495,27.495,0
IE00BQQP9H09,14/12/2018,27.6,27.65,27.29,27.375,450
IE00BQQP9H09,17/12/2018,27.445,27.445,26.835,27.03,768
IE00BQQP9H09,18/12/2018,27,27,26.415,26.5,841
IE00BQQP9H09,19/12/2018,26.255,26.255,26.19,26.195,200
IE00BQQP9H09,20/12/2018,25.53,25.53,25.53,25.53,0
IE00BQQP9H09,21/12/2018,25.81,25.81,25.44,25.44,240
IE00BQQP9H09,27/12/2018,25.3,25.3,24.9,25.03,2007
IE00BQQP9H09,28/12/2018,26,26,25.405,25.405,171
IE00BQQP9H09,02/01/2019,25.475,25.95,25.34,25.95,312
IE00BQQP9H09,03/01/2019,25.43,25.43,25.43,25.43,0
IE00BQQP9H09,04/01/2019,25.39,25.54,25.39,25.51,160
IE00BQQP9H09,07/01/2019,26.055,26.055,26.055,26.055,0
IE00BQQP9H09,08/01/2019,26.29,26.305,26.19,26.21,1099
IE00BQQP9H09,09/01/2019,26.575,26.575,26.27,26.27,221
IE00BQQP9H09,10/01/2019,26.2,26.375,26.17,26.375,310
IE00BQQP9H09,11/01/2019,26.415,26.565,26.415,26.565,717
IE00BQQP9H09,14/01/2019,26.72,26.72,26.445,26.48,1478
IE00BQQP9H09,15/01/2019,26.755,26.88,26.755,26.855,137
IE00BQQP9H09,16/01/2019,27,27.285,26.72,27.075,6497
IE00BQQP9H09,17/01/2019,27.205,27.235,27.205,27.205,10
IE00BQQP9H09,18/01/2019,27.64,27.83,27.64,27.64,300
IE00BQQP9H09,21/01/2019,27.755,27.755,27.735,27.755,110
IE00BQQP9H09,22/01/2019,27.65,27.65,27.555,27.65,20
IE00BQQP9H09,23/01/2019,27.54,27.54,27.345,27.4,1549
IE00BQQP9H09,24/01/2019,27.4,27.71,27.4,27.4,600
IE00BQQP9H09,25/01/2019,27.755,27.755,27.755,27.755,0
IE00BQQP9H09,28/01/2019,28.005,28.005,27.4,27.4,633
IE00BQQP9H09,29/01/2019,27.375,27.375,27.335,27.375,104
IE00BQQP9H09,30/01/2019,27.445,27.445,27.445,27.445,0
IE00BQQP9H09,31/01/2019,27.545,27.995,27.545,27.995,100
IE00BQQP9H09,01/02/2019,28.055,28.07,27.99,28,608
IE00BQQP9H09,04/02/2019,28.18,28.18,28.18,28.18,0
IE00BQQP9H09,05/02/2019,27.5,28.445,27.5,28.44,250
IE00BQQP9H09,06/02/2019,28.495,28.55,28.495,28.55,600
IE00BQQP9H09,07/02/2019,28.595,28.595,28.37,28.455,1921
IE00BQQP9H09,08/02/2019,28.355,28.355,28.14,28.14,598
IE00BQQP9H09,11/02/2019,28.565,28.565,28.565,28.565,0
IE00BQQP9H09,12/02/2019,28.725,28.93,28.725,28.93,200
IE00BQQP9H09,13/02/2019,29.14,29.195,29.14,29.185,300
IE00BQQP9H09,14/02/2019,29,29.11,29,29,100
IE00BQQP9H09,15/02/2019,29.12,29.405,29.12,29.39,1064
IE00BQQP9H09,18/02/2019,29.39,29.39,29.35,29.39,803
IE00BQQP9H09,19/02/2019,29.39,29.415,29.325,29.39,2672
IE00BQQP9H09,20/02/2019,29.315,29.4,29.305,29.4,3801
IE00BQQP9H09,21/02/2019,29.48,29.48,29.315,29.315,2042
IE00BQQP9H09,22/02/2019,29.385,29.445,29.285,29.39,5532
IE00BQQP9H09,25/02/2019,29.395,29.585,29.395,29.585,641
IE00BQQP9H09,26/02/2019,29.585,29.585,29.28,29.36,1087
IE00BQQP9H09,27/02/2019,29.11,29.205,29.06,29.2,1599
IE00BQQP9H09,28/02/2019,29.185,29.24,29.17,29.24,4545
IE00BQQP9H09,01/03/2019,29.475,29.475,29.395,29.44,590
IE00BQQP9H09,04/03/2019,29.685,29.69,29.49,29.605,420
IE00BQQP9H09,05/03/2019,29.415,29.465,29.385,29.465,1094
IE00BQQP9H09,06/03/2019,29.32,29.325,29.16,29.325,239
IE00BQQP9H09,07/03/2019,29.04,29.165,29.025,29.155,1340
IE00BQQP9H09,08/03/2019,28.93,28.93,28.815,28.925,2200
IE00BQQP9H09,11/03/2019,28.91,29.245,28.91,28.91,100
IE00BQQP9H09,12/03/2019,29.325,29.335,29.32,29.335,140
IE00BQQP9H09,13/03/2019,29.295,29.46,29.295,29.46,909
IE00BQQP9H09,14/03/2019,29.455,29.455,29.455,29.455,0
IE00BQQP9H09,15/03/2019,29.5,29.605,29.475,29.605,1571
IE00BQQP9H09,18/03/2019,29.6,29.65,29.52,29.65,1305
IE00BQQP9H09,19/03/2019,29.735,29.775,29.7,29.71,350
IE00BQQP9H09,20/03/2019,29.545,29.545,29.31,29.545,506
IE00BQQP9H09,21/03/2019,29.22,29.425,29.06,29.06,4548
IE00BQQP9H09,22/03/2019,29.53,29.545,29.085,29.505,605
IE00BQQP9H09,25/03/2019,29,29,28.685,28.82,377
IE00BQQP9H09,26/03/2019,29.175,29.255,29.155,29.255,917
IE00BQQP9H09,27/03/2019,29.2,29.28,29.1,29.12,36972
IE00BQQP9H09,28/03/2019,29.25,29.25,29.165,29.165,400
IE00BQQP9H09,29/03/2019,29.545,29.545,29.5,29.5,839
IE00BQQP9H09,01/04/2019,29.75,29.915,29.75,29.79,20580
IE00BQQP9H09,02/04/2019,29.945,30.08,29.945,30.08,772
IE00BQQP9H09,03/04/2019,29.91,30.045,29.91,29.96,1190
IE00BQQP9H09,04/04/2019,29.98,30.135,29.935,30.09,276
IE00BQQP9H09,05/04/2019,30.09,30.295,30.09,30.2,400
IE00BQQP9H09,08/04/2019,30.305,30.305,30.2,30.2,2802
IE00BQQP9H09,09/04/2019,30.225,30.225,30.13,30.13,348
IE00BQQP9H09,10/04/2019,30.16,30.185,30.12,30.185,1550
IE00BQQP9H09,11/04/2019,30.245,30.25,30.225,30.25,734
IE00BQQP9H09,12/04/2019,30.215,30.3,30.21,30.3,1345
IE00BQQP9H09,15/04/2019,30.375,30.38,30.3,30.3,894
IE00BQQP9H09,16/04/2019,31,31,30.315,30.315,1440
IE00BQQP9H09,17/04/2019,30.415,30.51,30.24,30.24,1292
IE00BQQP9H09,18/04/2019,30.3,30.3,30.235,30.3,524
IE00BQQP9H09,23/04/2019,30.42,30.715,30.365,30.655,2414
IE00BQQP9H09,24/04/2019,30.765,30.84,30.705,30.765,1558
IE00BQQP9H09,25/04/2019,31,31,30.765,30.955,453
IE00BQQP9H09,26/04/2019,30.91,30.91,30.765,30.765,1947
IE00BQQP9H09,29/04/2019,31.005,31.12,31.005,31.085,1558
IE00BQQP9H09,30/04/2019,31.03,31.095,30.85,30.85,1803
IE00BQQP9H09,02/05/2019,31,31,30.69,30.735,2226
IE00BQQP9H09,03/05/2019,30.985,31.1,30.985,31.065,971
IE00BQQP9H09,06/05/2019,31,31.08,30.55,30.845,2652
IE00BQQP9H09,07/05/2019,30.89,30.89,30.4,30.435,1076
IE00BQQP9H09,08/05/2019,30.3,30.31,30.17,30.285,1932
IE00BQQP9H09,09/05/2019,30.165,30.165,29.64,29.92,355
IE00BQQP9H09,10/05/2019,29.96,29.96,29.545,29.595,914
IE00BQQP9H09,13/05/2019,29.775,29.835,29.29,29.29,990
IE00BQQP9H09,14/05/2019,29.455,29.66,29.38,29.55,751
IE00BQQP9H09,15/05/2019,29.71,29.975,29.65,29.975,428
IE00BQQP9H09,16/05/2019,29.825,30.21,29.81,29.98,1033
IE00BQQP9H09,17/05/2019,30,30.17,29.96,29.97,411
IE00BQQP9H09,20/05/2019,29.97,29.97,29.725,29.825,479
IE00BQQP9H09,21/05/2019,29.89,29.965,29.84,29.9,247
IE00BQQP9H09,22/05/2019,30.005,30.005,29.69,29.85,868
IE00BQQP9H09,23/05/2019,29.71,29.75,29.595,29.75,439
IE00BQQP9H09,24/05/2019,30.005,30.005,29.45,29.73,544
IE00BQQP9H09,27/05/2019,29.8,29.8,29.52,29.59,1625
IE00BQQP9H09,28/05/2019,29.59,29.62,29.42,29.48,735
IE00BQQP9H09,29/05/2019,29.15,29.15,28.99,29.09,1674
IE00BQQP9H09,30/05/2019,29.07,29.07,29.015,29.015,3410
IE00BQQP9H09,31/05/2019,28.9,28.9,28.765,28.9,40
IE00BQQP9H09,03/06/2019,28.48,28.665,28.43,28.48,924
IE00BQQP9H09,04/06/2019,28.66,28.965,28.5,28.875,872
IE00BQQP9H09,05/06/2019,29.1,29.2,29.07,29.07,288
IE00BQQP9H09,06/06/2019,29.41,29.415,29.25,29.4,882
IE00BQQP9H09,07/06/2019,29.535,29.55,29.415,29.5,806
IE00BQQP9H09,10/06/2019,29.73,29.735,29.72,29.72,325
IE00BQQP9H09,11/06/2019,29.82,29.82,29.805,29.82,335
IE00BQQP9H09,12/06/2019,29.75,29.75,29.59,29.655,1452
IE00BQQP9H09,13/06/2019,29.77,30.19,29.77,29.86,1448
IE00BQQP9H09,14/06/2019,29.88,29.91,29.88,29.88,200
IE00BQQP9H09,17/06/2019,30.035,30.035,29.93,29.95,2193
IE00BQQP9H09,18/06/2019,30.2,30.36,30.2,30.355,42
IE00BQQP9H09,19/06/2019,30.29,30.33,30.275,30.29,3570
IE00BQQP9H09,20/06/2019,30.33,30.41,30.295,30.295,4497
IE00BQQP9H09,21/06/2019,30.35,30.465,30.26,30.26,2118
IE00BQQP9H09,24/06/2019,30.135,30.14,29.935,30.1,3808
IE00BQQP9H09,25/06/2019,29.8,30.02,29.8,29.9,4401
IE00BQQP9H09,26/06/2019,29.96,30.01,29.825,30.005,3055
IE00BQQP9H09,27/06/2019,30.57,30.57,29.8,29.92,1696
IE00BQQP9H09,28/06/2019,30.04,30.075,30.04,30.05,1472
IE00BQQP9H09,01/07/2019,30.615,30.615,30.495,30.535,5455
IE00BQQP9H09,02/07/2019,30.5,30.535,30.42,30.47,264
IE00BQQP9H09,03/07/2019,30.63,30.75,30.595,30.6,622
IE00BQQP9H09,04/07/2019,30.87,30.87,30.87,30.87,0
IE00BQQP9H09,05/07/2019,30.87,30.99,30.785,30.99,1066
IE00BQQP9H09,08/07/2019,30.87,30.94,30.795,30.865,648
IE00BQQP9H09,09/07/2019,30.61,30.7,30.285,30.285,459
IE00BQQP9H09,10/07/2019,30.875,30.875,30.74,30.875,1358
IE00BQQP9H09,11/07/2019,30.765,30.895,30.75,30.75,2210
IE00BQQP9H09,12/07/2019,30.85,30.97,30.85,30.91,66
IE00BQQP9H09,15/07/2019,31.01,31.145,31.01,31.145,340
IE00BQQP9H09,16/07/2019,31.18,31.29,31.18,31.29,410
IE00BQQP9H09,17/07/2019,31.25,31.25,31.06,31.08,1988
IE00BQQP9H09,18/07/2019,30.875,31.16,30.875,31.16,351
IE00BQQP9H09,19/07/2019,31.15,31.42,31.115,31.42,480
